{"time": 0.027484569000002068, "image": {"width": 1280, "height": 720}, "predictions": [{"x": 902.0, "y": 313.0, "width": 76.0, "height": 162.0, "confidence": 0.7897335886955261, "class": "pedestrians", "class_id": 0, "detection_id": "f859c1b6-9d49-4f6f-908d-1d3099f71144"}, {"x": 562.0, "y": 307.0, "width": 64.0, "height": 134.0, "confidence": 0.5559253692626953, "class": "pedestrians", "class_id": 0, "detection_id": "e9259c54-2b4f-43d3-b66d-bba912856e13"}]}
