{"time":0.05001716099991427,"image":{"width":1280,"height":720},"predictions":[{"x":93.0,"y":353.5,"width":162.0,"height":323.0,"confidence":0.8535820841789246,"class":"pedestrians","class_id":0,"detection_id":"cd21498c-2a69-4c1d-888c-ecfbc8ebecd2"},{"x":576.0,"y":319.5,"width":142.0,"height":383.0,"confidence":0.8245802521705627,"class":"pedestrians","class_id":0,"detection_id":"ab22d381-f37a-4009-a812-a42a33d20c94"},{"x":790.0,"y":257.5,"width":68.0,"height":147.0,"confidence":0.8040347099304199,"class":"pedestrians","class_id":0,"detection_id":"aec85254-b6e6-4cc6-8ec0-274dd0f697c4"},{"x":435.5,"y":328.5,"width":133.0,"height":371.0,"confidence":0.7690150737762451,"class":"pedestrians","class_id":0,"detection_id":"6cff8b35-5aea-4432-8d1a-d9c750408e39"}]}
