{"time": 0.04031612100000359, "image": {"width": 1280, "height": 736}, "predictions": [{"x": 974.0, "y": 289.0, "width": 76.0, "height": 150.0, "confidence": 0.8630200624465942, "class": "pedestrians", "class_id": 0, "detection_id": "4d85acb5-1b21-43a3-88b7-2bd55252d2b8"}, {"x": 862.0, "y": 306.0, "width": 72.0, "height": 180.0, "confidence": 0.751076340675354, "class": "pedestrians", "class_id": 0, "detection_id": "166fb3db-d044-40f8-876f-bc3dfccb8212"}, {"x": 611.0, "y": 293.0, "width": 58.0, "height": 130.0, "confidence": 0.6167630553245544, "class": "pedestrians", "class_id": 0, "detection_id": "7eac9f09-6aa0-4037-b95c-c9dccb07cd2e"}]}
