{"time": 0.06392591800022274, "image": {"width": 1280, "height": 720}, "predictions": [{"x": 588.0, "y": 328.0, "width": 128.0, "height": 348.0, "confidence": 0.8429874181747437, "class": "pedestrians", "class_id": 0, "detection_id": "bc4c118c-a4dc-4c06-bdba-8983da5ae238"}, {"x": 41.0, "y": 324.0, "width": 82.0, "height": 280.0, "confidence": 0.7199307680130005, "class": "pedestrians", "class_id": 0, "detection_id": "cccb0421-a93a-4ff1-b801-91ce405b946d"}, {"x": 791.0, "y": 268.0, "width": 66.0, "height": 148.0, "confidence": 0.646589994430542, "class": "pedestrians", "class_id": 0, "detection_id": "4a3b4105-30ea-4be5-9a50-88beb60b71c4"}, {"x": 463.0, "y": 341.0, "width": 126.0, "height": 334.0, "confidence": 0.5214828252792358, "class": "pedestrians", "class_id": 0, "detection_id": "a218ae30-7468-465f-ab73-0a292353140f"}]}
