{"time":0.0615221709999787,"image":{"width":1280,"height":720},"predictions":[{"x":609.5,"y":291.0,"width":63.0,"height":126.0,"confidence":0.8364933133125305,"class":"pedestrians","class_id":0,"detection_id":"f015e490-9057-4946-9e73-53a585c5ab58"},{"x":980.0,"y":288.5,"width":76.0,"height":143.0,"confidence":0.7700266242027283,"class":"pedestrians","class_id":0,"detection_id":"3a711962-9fc7-4a91-be08-0a3e78ca00f8"}]}
