{"time": 0.046295227999507915, "image": {"width": 1280, "height": 720}, "predictions": [{"x": 1008.0, "y": 254.0, "width": 120.0, "height": 196.0, "confidence": 0.6288700103759766, "class": "pedestrians", "class_id": 0, "detection_id": "30cc1ff5-dc37-4de5-b658-417a0ad20ad8"}, {"x": 799.0, "y": 215.0, "width": 58.0, "height": 118.0, "confidence": 0.48367542028427124, "class": "pedestrians", "class_id": 0, "detection_id": "0a28fac4-28d1-424b-a299-c27a3d1d038c"}]}
